unique_id,smape_baseline,smape_ensemble,gain,length_group,category
M10200,1.534330812302288,1.2269720561021262,0.30735875620016184,short,Micro
M10216,9.729085407145577,8.807009917425246,0.9220754897203314,short,Micro
M10390,1.1513817792710992,1.078487971515172,0.07289380775592713,medium,Micro
M10405,14.11449764068613,13.482955797671345,0.6315418430147854,medium,Micro
M10438,7.989584120652543,7.970239502751028,0.019344617901515093,cold_start,Micro
M10485,1.1019217419390666,0.8546679114407171,0.24725383049834948,medium,Micro
M10533,2.0266800583031324,1.8837867834646977,0.14289327483843461,medium,Micro
M1054,2.99398274568894,2.70420639778111,0.2897763479078299,long_history,Macro
M10558,1.2287316695365478,1.7127679598967764,-0.48403629036022866,medium,Micro
M10598,12.216211832891258,10.858659269783615,1.3575525631076424,medium,Micro
M10670,5.513141273123733,5.064344421281478,0.44879685184225426,medium,Micro
M10673,4.23532625527482,5.54630793376664,-1.31098167849182,medium,Micro
M10707,1.9549766661183368,1.690515459314041,0.26446120680429575,long_history,Micro
M10908,1.907182965847375,1.5642768430315215,0.3429061228158534,short,Micro
M10966,1.2948919725293697,0.8943000835011452,0.4005918890282245,medium,Micro
M11035,2.4322882968626987,2.1262137653236275,0.30607453153907116,long_history,Micro
M11083,2.848749432404205,2.3333465829126947,0.5154028494915104,long_history,Micro
M11165,3.178727280547238,2.7064468108628894,0.4722804696843488,long_history,Micro
M11344,2.389919157988043,3.155469991272766,-0.7655508332847232,short,Micro
M11349,0.6148017438421772,0.5133325953199618,0.10146914852221545,long_history,Micro
M11353,2.4904855183932617,2.0812183887527507,0.40926712964051104,long_history,Micro
M11472,1.7411818001880428,2.9576704104604183,-1.2164886102723755,cold_start,Micro
M11572,1.7102148820144503,1.5232274026854302,0.18698747932902005,long_history,Micro
M11613,1.058090206154545,1.1110288121926097,-0.05293860603806477,long_history,Micro
M11766,2.818187641399024,3.1292805772371444,-0.31109293583812025,short,Micro
M11916,0.9236401761489139,0.7685658974292537,0.15507427871966017,long_history,Micro
M11951,0.38682365995175594,0.3751070470402756,0.01171661291148035,long_history,Micro
M12075,0.8574038288681254,0.6971328816791009,0.16027094718902446,long_history,Micro
M12146,2.1858476865191445,1.7591302458030151,0.4267174407161294,short,Micro
M12170,2.705671426017384,2.241018493613189,0.46465293240419525,long_history,Micro
M12201,1.4227208270889187,1.286906379840363,0.13581444724855563,short,Micro
M12262,4.6181418697141225,4.607074301098921,0.01106756861520175,medium,Micro
M12336,1.521172554466137,1.4634152347137708,0.0577573197523662,long_history,Micro
M12457,1.9576843554509487,1.5109799071972407,0.4467044482537079,short,Micro
M12554,1.1924803357967646,1.2201489114674489,-0.02766857567068426,short,Micro
M12568,3.8039832385795025,3.290278955068472,0.5137042835110304,long_history,Micro
M12589,2.3724634409019063,2.9107911305547485,-0.5383276896528422,cold_start,Micro
M12611,1.3674414013696021,1.27718575237364,0.09025564899596206,long_history,Micro
M12864,1.9196394494554299,2.0109326142343495,-0.09129316477891969,short,Micro
M12919,0.8684918854766971,0.716130217438172,0.15236166803852513,long_history,Micro
M13045,2.7989978891278633,2.4177809840477975,0.3812169050800658,long_history,Micro
M13140,1.2734309601132558,1.218267400219796,0.05516355989345989,short,Micro
M1319,1.2882229922849233,1.2353746410761313,0.052848351208792055,long_history,Macro
M13221,1.4917590959372637,1.3826826589176273,0.10907643701963643,long_history,Micro
M13238,1.533846964116487,1.3643313042699048,0.16951565984658212,short,Micro
M13381,1.0425479152405543,1.3170692839555342,-0.2745213687149799,short,Micro
M13754,6.3679859413744975,6.136408687226019,0.23157725414847885,cold_start,Micro
M13792,3.4322277598081077,3.5515516222868886,-0.1193238624787809,medium,Micro
M13808,9.563740492993368,9.01549889375216,0.5482415992412086,medium,Micro
M13895,4.295796350140722,3.9283447336559987,0.36745161648472324,medium,Micro
M13953,2.483395023141891,2.258704113710197,0.22469090943169379,medium,Micro
M14045,12.018235437794685,11.359872876805904,0.6583625609887811,short,Micro
M14205,1.3293464953594034,1.257001598590882,0.0723448967685214,medium,Micro
M14247,6.559096808419803,5.856320336130699,0.7027764722891048,medium,Micro
M14345,8.84192819752556,6.4938429214598985,2.348085276065661,long_history,Micro
M1445,4.572248243674834,3.949917293954724,0.6223309497201104,long_history,Macro
M14483,3.2597250816411885,3.6110001099857985,-0.35127502834461,medium,Micro
M1449,4.435961612120584,3.8016730890940846,0.6342885230264996,long_history,Macro
M14968,2.8171635978891363,2.900066796897991,-0.08290319900885468,short,Micro
M15167,11.933260870564338,10.105920153677866,1.8273407168864715,long_history,Micro
M15328,11.689488601292771,10.161732994465064,1.5277556068277072,short,Micro
M15361,26.20131152388957,28.0855520127136,-1.8842404888240303,short,Micro
M15421,11.52636272929944,11.829472734905796,-0.3031100056063565,short,Micro
M155,1.900806544852301,1.5455585954725943,0.3552479493797067,cold_start,Macro
M1555,2.0201614874634166,1.885422964004765,0.13473852345865156,long_history,Macro
M15585,1.6819962826685435,1.684143046075284,-0.0021467634067404706,medium,Micro
M15619,2.5697239544414296,2.376509574079997,0.1932143803614328,medium,Micro
M15648,3.1438004922264193,2.8187847060636475,0.3250157861627718,short,Micro
M15679,2.1910020922822167,1.9361549068301127,0.25484718545210394,medium,Micro
M16637,14.407154414076686,17.018201436435223,-2.6110470223585374,cold_start,Micro
M17110,4.509108285067812,4.439356761413273,0.0697515236545394,short,Micro
M17244,10.216196503782097,10.73077372506706,-0.5145772212849629,cold_start,Micro
M17653,13.818181936147896,13.719363152930944,0.09881878321695226,cold_start,Micro
M17749,15.717307434596869,20.58168301955563,-4.864375584958761,cold_start,Micro
M1793,13.85481900498834,12.960315954594193,0.894503050394146,long_history,Macro
M18017,8.483394760343192,9.16374825563963,-0.6803534952964387,cold_start,Micro
M18155,10.339379345753624,10.548580410647308,-0.2092010648936835,cold_start,Micro
M18278,11.877717182196463,11.01268917147846,0.8650280107180031,cold_start,Micro
M1842,3.017181378531586,2.576713786115523,0.4404675924160628,long_history,Macro
M18681,9.562779457551136,11.355176371015997,-1.7923969134648612,cold_start,Micro
M18742,7.933331993578008,8.09620473081441,-0.16287273723640183,cold_start,Micro
M18959,7.1727000995764065,7.082919634200452,0.08978046537595485,cold_start,Micro
M18978,10.375567914716353,15.574834234802484,-5.1992663200861315,cold_start,Micro
M19219,10.708294536282956,12.010114105827727,-1.3018195695447705,cold_start,Micro
M19244,11.266504071050017,11.759901776493503,-0.4933977054434866,cold_start,Micro
M1926,1.1134290469824486,1.0395525564118295,0.07387649057061907,long_history,Macro
M1940,1.2805440493148528,1.3206957098361405,-0.04015166052128771,long_history,Macro
M19797,8.500932161056836,9.891216626990945,-1.3902844659341085,cold_start,Micro
M19963,5.068553329047076,7.397662498168501,-2.3291091691214243,cold_start,Micro
M20573,3.5337809904627435,3.3052384352151076,0.2285425552476359,cold_start,Micro
M21023,1.1430449246740557,1.140761572205829,0.0022833524682266404,short,Demographic
M21060,6.8761956670062405,6.577931904313054,0.29826376269318633,short,Demographic
M21134,3.9636790071836145,3.6292921089454007,0.3343868982382139,short,Demographic
M21283,36.38765532858436,35.68154555443308,0.7061097741512796,short,Demographic
M21323,24.52986939676859,24.65787839609275,-0.12800899932416243,short,Demographic
M21370,19.630580226664737,20.193987659474573,-0.5634074328098357,short,Demographic
M21456,2.228488887676038,2.246974677782271,-0.01848579010623297,cold_start,Demographic
M21457,2.311040961747363,1.800627254548217,0.5104137071991459,cold_start,Demographic
M21460,4.184102719824396,4.025503859319312,0.15859886050508365,cold_start,Demographic
M21530,6.1866387126971425,4.330220611505473,1.8564181011916698,long_history,Demographic
M21563,2.8655834799086306,2.428794376358644,0.43678910354998646,short,Demographic
M21579,10.10686796681972,10.040479159507157,0.06638880731256336,short,Demographic
M21778,2.5333109425216054,2.54680586291477,-0.013494920393164467,long_history,Demographic
M21806,0.977372012421166,0.7854199039926915,0.19195210842847454,long_history,Demographic
M2191,2.7931766497718225,2.7062590293085482,0.08691762046327423,short,Macro
M21932,1.0521057035871728,1.0570512304980744,-0.004945526910901554,long_history,Demographic
M21943,2.6554424059321695,2.1459822269408337,0.5094601789913358,long_history,Demographic
M22005,1.0348238758832717,0.9348428463044912,0.09998102957878052,long_history,Demographic
M22323,2.9944426614189297,2.7299724048846197,0.26447025653431,short,Demographic
M22338,1.3067901627616854,1.352468001821325,-0.045677839059639735,long_history,Demographic
M22352,1.9881532571599674,1.7095144547570638,0.2786388024029036,long_history,Demographic
M22437,2.616759725484012,2.2115790311646464,0.40518069431936565,long_history,Demographic
M22626,3.032650167826855,2.576017399109566,0.45663276871728886,long_history,Demographic
M22835,1.3978331794387038,1.313558308830849,0.08427487060785488,long_history,Demographic
M22856,0.9811386370453569,1.0790517689600856,-0.09791313191472872,long_history,Demographic
M23276,2.0949834851172,1.993461375869978,0.10152210924722183,long_history,Demographic
M23422,0.7073546316493827,0.6911229230996223,0.016231708549760415,long_history,Demographic
M23428,1.2690088588808612,1.047145376888663,0.2218634819921983,long_history,Demographic
M23568,2.789925483709969,2.616318036021735,0.1736074476882341,short,Demographic
M23617,1.493796904210703,1.491282191332926,0.002514712877777159,long_history,Demographic
M23628,4.806000215399073,5.249811150863042,-0.44381093546396944,short,Demographic
M23730,1.9628332208775183,1.8793254812269806,0.0835077396505377,short,Demographic
M24084,8.142153536815783,8.021795333391138,0.12035820342464554,short,Demographic
M24097,2.2444990581512076,2.190011189806666,0.05448786834454156,short,Demographic
M24098,1.9266914282768226,1.9209257476204291,0.00576568065639349,short,Demographic
M24232,1.7465228519955114,1.7546164562005104,-0.00809360420499905,medium,Demographic
M24374,7.4498925587548825,6.482956472862378,0.9669360858925042,long_history,Demographic
M24383,2.7562854465489695,2.7442371328127173,0.012048313736252148,long_history,Demographic
M24432,2.495057368861239,2.7740399720385223,-0.2789826031772833,short,Demographic
M24678,2.8539000579503857,2.2740712456022747,0.579828812348111,long_history,Demographic
M24960,2.2924394181976337,1.8715685145088008,0.42087090368883295,medium,Demographic
M24962,1.1183540292437777,1.0573008386802634,0.061053190563514326,medium,Demographic
M24981,1.7525988303945255,2.099935952945227,-0.3473371225507016,medium,Demographic
M25020,1.5436381599984617,1.5522862031622928,-0.008648043163831165,medium,Demographic
M25088,1.8138299661562471,1.8252913537570108,-0.01146138760076365,medium,Demographic
M25105,0.563209849810316,0.5310076278108316,0.032202221999484415,medium,Demographic
M2512,3.040257780966912,2.825270347562138,0.2149874334047741,long_history,Macro
M25175,0.8018019093467308,0.7258221223991617,0.07597978694756913,medium,Demographic
M25190,4.531095432058446,5.084263825339512,-0.5531683932810667,medium,Demographic
M25666,20.469444311899533,18.075287017816827,2.3941572940827065,medium,Demographic
M25777,1.630950369745004,2.1761569208726845,-0.5452065511276805,medium,Demographic
M25796,4.975309755703908,3.3828420771183523,1.5924676785855554,medium,Demographic
M25822,1.5897742805674662,1.5904027757569266,-0.0006284951894603985,medium,Demographic
M2599,4.942985030441779,4.912785472837116,0.03019955760466342,medium,Macro
M26060,2.022221563869433,1.8351000124470964,0.18712155142233655,short,Demographic
M26088,7.123903314468799,6.930694666893343,0.19320864757545575,short,Demographic
M26224,0.8122171549697642,1.0248621012859345,-0.21264494631617026,medium,Demographic
M26246,7.237555457505902,7.4682408228571955,-0.23068536535129347,long_history,Demographic
M26325,37.34968675481446,36.34320247900803,1.0064842758064358,cold_start,Demographic
M26337,2.7099373138868703,2.501075720472596,0.20886159341427435,medium,Demographic
M26366,7.3624522912228265,6.610721969734078,0.7517303214887487,medium,Demographic
M26421,1.853033500648328,1.773197637383917,0.07983586326441117,medium,Demographic
M26651,1.8621734653718636,1.760231482389847,0.10194198298201651,medium,Demographic
M26652,3.1322212656735653,4.088003656321935,-0.9557823906483698,medium,Demographic
M26676,6.140072920454699,8.916616285443116,-2.7765433649884166,medium,Demographic
M26715,3.0526291200598807,2.7557163103393423,0.29691280972053846,short,Demographic
M26718,6.162419939983299,5.8463734265831135,0.3160465134001855,short,Demographic
M27141,9.713713234418211,10.937053234241139,-1.2233399998229277,short,Industry
M27387,20.901926151970564,18.02033961586368,2.8815865361068838,long_history,Industry
M27427,2.138881003344185,1.717898194426351,0.420982808917834,medium,Industry
M2743,5.985727941069013,11.13124222125296,-5.145514280183947,cold_start,Macro
M27462,3.4697568792838416,3.3137512985761646,0.156005580707677,cold_start,Industry
M2757,4.753691002641182,5.517839961593403,-0.7641489589522203,cold_start,Macro
M27570,1.621701257040885,2.5069783270009616,-0.8852770699600765,short,Industry
M2760,3.252194927781799,4.353062980428533,-1.1008680526467334,cold_start,Macro
M27710,3.8876131187492677,3.4086376450417983,0.4789754737074694,cold_start,Industry
M27829,9.948572507143876,11.170276696163892,-1.2217041890200164,medium,Industry
M27843,6.675230157825557,7.318316476943385,-0.6430863191178275,medium,Industry
M27897,6.435860972150581,6.108599061904444,0.32726191024613716,short,Industry
M28099,1.0443619005170208,1.0247698122107887,0.019592088306232158,medium,Industry
M28181,0.624691422660836,1.0624120156017378,-0.4377205929409018,short,Industry
M2839,3.4566140521953295,3.6698587275513437,-0.2132446753560142,short,Macro
M28664,5.958911883476313,5.365687305989816,0.593224577486497,medium,Industry
M28787,2.838973671155363,2.882618701581559,-0.04364503042619594,medium,Industry
M28858,3.488670965585647,3.0779664394106114,0.4107045261750355,medium,Industry
M28963,2.867543258749681,3.324495478797826,-0.45695222004814484,medium,Industry
M29167,0.6373787601999829,0.6379745068433016,-0.0005957466433187397,long_history,Industry
M29285,2.3077716880281955,2.256649105678534,0.051122582349661716,long_history,Industry
M29353,2.1583497516476524,2.2289310920573446,-0.07058134040969222,cold_start,Industry
M29421,2.344471320656237,1.9771174813133567,0.36735383934288035,long_history,Industry
M29519,2.5200441429697777,2.30648599062243,0.21355815234734754,long_history,Industry
M29571,2.2528314294806355,1.8583785271074398,0.39445290237319575,long_history,Industry
M29643,1.5954973410081927,1.2202158276697679,0.37528151333842485,long_history,Industry
M29666,1.0094553707182952,1.2616130971250294,-0.2521577264067343,long_history,Industry
M29724,0.8346014690531858,0.6372574378122638,0.19734403124092192,long_history,Industry
M29790,4.066210468447543,3.427518000921062,0.6386924675264809,long_history,Industry
M29812,2.6231046044169664,2.8001961608610584,-0.17709155644409202,long_history,Industry
M30102,2.0521148481948845,1.6700948077866713,0.38202004040821325,long_history,Industry
M30154,2.8977632504190627,2.3913491834274567,0.506414066991606,long_history,Industry
M30305,7.2008105047028135,6.441417417384096,0.7593930873187178,long_history,Industry
M30325,2.802301715094092,3.2201688722973008,-0.4178671572032089,medium,Industry
M3037,2.529417587817832,2.6084921192442168,-0.07907453142638454,short,Macro
M30873,4.488314696969185,5.097629602653518,-0.6093149056843323,short,Industry
M30944,9.64648185071256,9.59280142797421,0.053680422738349165,long_history,Industry
M3097,7.521310816110885,7.22977781833831,0.2915329977725749,long_history,Macro
M31062,27.717891880854072,30.052074217203838,-2.334182336349766,medium,Industry
M31075,7.4429905228400965,7.427042106651199,0.01594841618889742,long_history,Industry
M31662,2.676791321947901,3.0257960144214984,-0.34900469247359744,medium,Industry
M31715,5.601284026701906,5.1785924467746245,0.4226915799272817,short,Industry
M31724,21.180112609881043,20.418498141191897,0.761614468689146,medium,Industry
M3177,5.009595562127984,4.731433181190367,0.27816238093761747,medium,Macro
M31895,2.4515170515084885,2.449804351836022,0.0017126996724665666,long_history,Industry
M31939,1.5110028834000244,1.319568846300536,0.19143403709948847,medium,Industry
M32031,17.87122154659792,17.401426537236745,0.46979500936117446,short,Industry
M32070,35.08960045047613,30.66831920589374,4.421281244582385,long_history,Industry
M32089,26.506763046352383,27.450047286229807,-0.9432842398774248,cold_start,Industry
M32122,22.283313339975408,20.93289963224326,1.350413707732148,cold_start,Industry
M32141,22.120854172250894,20.893589419537257,1.227264752713637,cold_start,Industry
M322,7.23921628239606,6.383303141142729,0.855913141253331,medium,Macro
M3223,8.00998029708997,7.673886396998551,0.33609390009141826,medium,Macro
M32331,13.372615490813194,12.933672938166078,0.43894255264711646,cold_start,Industry
M32390,28.686116471878243,27.825334314677864,0.8607821572003793,cold_start,Industry
M32475,13.004739946416485,13.267548805937823,-0.26280885952133737,cold_start,Industry
M32495,17.200236974987256,17.14990496621436,0.050332008772894454,cold_start,Industry
M3252,9.858882218667112,9.158843766238528,0.7000384524285845,medium,Macro
M32676,4.004011540451808,4.589686338279433,-0.5856747978276253,short,Industry
M32738,15.825102339797677,14.219433661660563,1.6056686781371141,short,Industry
M32770,42.00706700709061,40.31233335589427,1.6947336511963442,cold_start,Industry
M33122,6.66986067203896,7.160930770555048,-0.4910700985160874,cold_start,Industry
M33419,8.74964785661453,8.344914741506576,0.4047331151079536,cold_start,Industry
M33440,40.51757929648353,39.66186717169005,0.8557121247934845,short,Industry
M33767,6.565832903916953,6.597301451222973,-0.031468547306019445,short,Industry
M3405,8.048618084151956,6.911073356764967,1.137544727386989,long_history,Macro
M3419,0.801905676001913,0.8525771588170007,-0.05067148281508771,medium,Macro
M3423,1.0000296936925992,0.9263442400093608,0.07368545368323842,medium,Macro
M34365,14.266486957287421,14.401818751023626,-0.13533179373620463,cold_start,Industry
M34482,15.856629559387297,16.26799981215679,-0.411370252769494,short,Industry
M34506,20.63855233120051,19.589309570290965,1.0492427609095465,short,Industry
M3461,6.844531124695723,6.883849615439311,-0.03931849074358773,medium,Macro
M34646,45.11543132474247,42.9826355334969,2.13279579124557,cold_start,Industry
M34707,58.94636998626521,56.87395051115543,2.0724194751097826,cold_start,Industry
M34747,15.754636726794791,15.109316667684078,0.6453200591107127,short,Industry
M34779,12.13023031438378,11.51372488198141,0.61650543240237,cold_start,Industry
M34786,25.704638447780624,25.072558449368437,0.6320799984121876,cold_start,Industry
M34820,6.826912007975775,5.700044755699698,1.1268672522760772,medium,Industry
M34886,30.254046482898715,27.042226970178586,3.2118195127201297,short,Industry
M34888,16.57490072775212,16.77232632500574,-0.19742559725361986,cold_start,Industry
M34989,6.27236217575563,6.018956916048698,0.2534052597069314,short,Industry
M35117,11.835556792018389,11.14962760967435,0.6859291823440383,short,Industry
M35195,0.8897875152410547,0.9520937799528154,-0.062306264711760706,short,Industry
M35361,4.904566385905128,4.273228031842946,0.6313383540621826,medium,Industry
M35463,2.163166648724317,2.2929854578831206,-0.12981880915880373,medium,Industry
M3574,5.480111703092052,5.084853963307175,0.3952577397848769,medium,Macro
M35810,2.170573701964387,2.1725057830517778,-0.0019320810873906247,medium,Industry
M35959,8.197138341352357,6.934822719839834,1.2623156215125233,long_history,Industry
M36049,2.0407176223068877,2.5415434369813648,-0.5008258146744771,medium,Industry
M36058,15.096369155398095,13.829239800412482,1.267129354985613,long_history,Industry
M3621,14.75367400370136,14.61040502954562,0.14326897415574003,medium,Macro
M36228,1.4154904241619617,1.2779188570749929,0.13757156708696883,cold_start,Industry
M36230,4.882643525785634,5.00429475316127,-0.1216512273756356,medium,Industry
M36259,2.0579469085432773,1.726736772875969,0.3312101356673083,short,Industry
M36528,1.4894457675071666,1.7021350896381497,-0.21268932213098313,medium,Industry
M36594,1.0231887158827426,1.3645806375056784,-0.34139192162293575,short,Industry
M37259,2.2737852462341794,3.102683498124428,-0.8288982518902483,long_history,Finance
M37332,1.004782522512462,0.9495682314765262,0.05521429103593578,medium,Finance
M37406,1.1170177909409333,1.155207096882436,-0.038189305941502605,short,Finance
M37468,1.0532686435457044,1.2762995147958704,-0.22303087125016607,medium,Finance
M37545,0.6838327606005785,0.5653381932537361,0.11849456734684238,medium,Finance
M37680,1.4164732815398806,1.3718441413051916,0.044629140234689,short,Finance
M377,4.351596961203693,4.5778861320983495,-0.22628917089465617,medium,Macro
M37853,5.144243646992051,4.37024523039439,0.773998416597661,medium,Finance
M37954,3.07910349103559,2.758044434418723,0.32105905661686673,long_history,Finance
M38081,2.5044699945543485,2.1627848401571845,0.34168515439716396,long_history,Finance
M38144,2.3301516124021053,2.1710964233702987,0.1590551890318066,long_history,Finance
M38169,2.180143223638886,1.7938975936313877,0.3862456300074981,long_history,Finance
M38259,1.2089316546190505,1.3885158184499067,-0.17958416383085618,long_history,Finance
M38308,1.5000706694083312,1.4123893289353369,0.08768134047299436,long_history,Finance
M38372,2.628961041947154,2.309397141129431,0.3195639008177231,long_history,Finance
M3840,50.689245687622495,48.32806527827923,2.3611804093432625,long_history,Macro
M38425,0.877772806704462,0.8378388996258047,0.039933907078657294,long_history,Finance
M38441,3.8117047986295347,3.2787259306944274,0.5329788679351073,long_history,Finance
M38482,0.43335349622961583,0.5591805742565282,-0.1258270780269124,long_history,Finance
M38684,15.2505520529047,14.800789362519051,0.44976269038564887,long_history,Finance
M38724,10.412669151403676,10.419812854095891,-0.0071437026922147595,long_history,Finance
M39182,1.5060707272443483,1.5578900171702084,-0.051819289925860046,short,Finance
M3926,18.388011545824394,15.970486094734765,2.417525451089629,long_history,Macro
M39521,10.967410961728575,13.226061065765245,-2.25865010403667,medium,Finance
M39602,7.035909068132844,6.3272640755132405,0.708644992619603,cold_start,Finance
M39954,3.2651057038481173,5.307084918258347,-2.04197921441023,cold_start,Finance
M39970,3.9545442584078416,4.552320172909799,-0.5977759145019577,cold_start,Finance
M39988,10.163679136269375,9.673453985493845,0.49022515077552953,cold_start,Finance
M40079,2.416762212091049,2.2457826005948203,0.17097961149622876,short,Finance
M40144,9.981691957552135,9.217317076745712,0.7643748808064235,medium,Finance
M40258,28.883901989295047,26.670735149006475,2.2131668402885722,cold_start,Finance
M40344,12.87205604398184,11.336055027007033,1.5360010169748062,long_history,Finance
M40698,7.582674736403633,8.573806016982841,-0.9911312805792081,short,Finance
M40721,2.4995368071160846,2.824328640485412,-0.3247918333693276,cold_start,Finance
M40768,3.2576593471456636,3.584620328143109,-0.3269609809974452,long_history,Finance
M40818,1.2135204386306713,1.2754759159395328,-0.06195547730886153,medium,Finance
M40910,6.094638254682564,8.689486412115382,-2.5948481574328186,medium,Finance
M40919,11.069254620482056,10.895119583398422,0.17413503708363365,medium,Finance
M40939,4.731961389596809,4.9072986838115025,-0.17533729421469335,medium,Finance
M40988,2.384928597948298,2.3131262946354947,0.07180230331280324,medium,Finance
M41157,2.7000633586818896,2.9391630270984552,-0.2390996684165656,medium,Finance
M41414,9.417466839198859,8.7467906473907,0.670676191808159,medium,Finance
M41470,11.901358771488606,10.860523132674947,1.0408356388136593,medium,Finance
M4158,12.15099053593523,11.045940101641829,1.1050504342934016,long_history,Macro
M4174,14.252929901614367,13.785721001148016,0.46720890046635155,long_history,Macro
M41791,3.831176839679737,3.8767392659810724,-0.045562426301335446,short,Finance
M42156,1.1124585087206171,2.032831240235905,-0.9203727315152876,medium,Finance
M42214,2.6089353034235008,2.8557361861454673,-0.24680088272196654,cold_start,Finance
M42218,1.879812824414904,2.6065153367516105,-0.7267025123367066,cold_start,Finance
M42415,12.033432721052414,11.21379821143919,0.8196345096132234,short,Finance
M42496,23.873726106288654,25.281900064248262,-1.4081739579596082,short,Finance
M42747,7.897420311713497,8.022886889796427,-0.12546657808292938,short,Finance
M4279,5.911703723091448,4.768614289333753,1.1430894337576953,long_history,Macro
M42941,10.858293152926846,10.99617776134676,-0.13788460841991323,short,Finance
M42955,22.00307356415111,21.698858474175044,0.30421508997606495,cold_start,Finance
M43006,6.319172210295498,7.132141912926524,-0.8129697026310261,short,Finance
M43066,6.976121129019141,6.596060268572216,0.38006086044692555,short,Finance
M43158,48.70361438524557,46.597149644532166,2.106464740713406,short,Finance
M43221,17.369353636967045,16.50546324783895,0.8638903891280947,short,Finance
M43404,0.7668987541625035,0.7482883136640524,0.018610440498451175,medium,Finance
M43414,71.6275972432952,69.83059969634017,1.7969975469550263,long_history,Finance
M43629,9.00338536918221,12.99970123175343,-3.9963158625712207,short,Finance
M44036,3.3475989130389445,3.1923752867514144,0.15522362628753017,cold_start,Finance
M44180,10.11929285745344,16.0200819501665,-5.90078909271306,long_history,Finance
M44215,7.654851825400982,8.584167554125045,-0.9293157287240632,long_history,Finance
M44232,10.516164264973002,8.667768562677209,1.848395702295793,long_history,Finance
M4435,45.541887875069825,44.4517569594199,1.0901309156499224,short,Macro
M44405,3.957321848996647,6.009987813107628,-2.052665964110981,medium,Finance
M44457,1.658109515030393,2.0601677277119865,-0.4020582126815935,medium,Finance
M44748,20.045205075274463,18.17570621249168,1.869498862782784,long_history,Finance
M45533,10.675838983285898,11.153256054522199,-0.4774170712363013,short,Finance
M45612,33.652256546576325,32.89036147681813,0.7618950697581965,cold_start,Finance
M45640,7.622346237476553,10.511402523708107,-2.889056286231553,cold_start,Finance
M4582,76.64249063641147,73.351675936733,3.2908146996784637,short,Macro
M45868,9.467089971778792,9.853063039749923,-0.38597306797113085,short,Finance
M46100,4.512353899597993,4.6488024365170455,-0.1364485369190529,medium,Finance
M46191,4.707076788280726,4.474667816508376,0.2324089717723501,medium,Finance
M4628,17.41443722534597,15.742024630287943,1.6724125950580273,short,Macro
M4637,45.64754042332988,41.9693667061513,3.6781737171785807,short,Macro
M46456,9.14974320470803,9.050281373496578,0.09946183121145147,short,Finance
M46615,5.320319854611073,5.168884697388971,0.1514351572221022,short,Finance
M4675,13.825842531337894,13.448452361809975,0.37739016952791893,short,Macro
M46778,43.2195352746237,42.39434313134709,0.8251921432766096,cold_start,Finance
M46827,13.994894874057573,13.94205047573024,0.05284439832733412,cold_start,Finance
M4694,23.99665173811433,23.330578326017847,0.666073412096484,long_history,Macro
M47212,31.95616821404286,30.53641329219768,1.4197549218451826,cold_start,Finance
M4733,10.956020712094713,10.57507373480728,0.380946977287433,long_history,Macro
M47392,15.022678678133166,14.189692581878885,0.832986096254281,cold_start,Finance
M47397,33.61555321912949,33.157616965467234,0.457936253662254,cold_start,Finance
M47411,36.94168792305047,34.43065074521976,2.5110371778307154,cold_start,Finance
M47461,19.29679603299843,18.133709923209192,1.163086109789237,cold_start,Finance
M47557,48.37715256900533,46.33760061458781,2.039551954417526,cold_start,Finance
M47686,10.754579076285593,8.776037190546775,1.9785418857388173,short,Finance
M47728,26.510873307643234,23.890462758094547,2.620410549548687,long_history,Other
M47729,10.980360116002826,10.477851883451113,0.5025082325517136,short,Other
M47733,21.804994936453014,19.906022995711773,1.8989719407412409,short,Other
M47734,12.780624758088004,11.95218771961227,0.8284370384757338,short,Other
M47738,4.4140024934816555,4.383672449979395,0.03033004350226065,short,Other
M47739,5.966475314426448,5.20428228762545,0.7621930268009987,short,Other
M47741,2.8892733485034547,2.4587162040016097,0.430557144501845,short,Other
M47745,0.8498658913209828,0.7355257789440063,0.1143401123769765,medium,Other
M47750,1.6717389290359617,1.6826320270016377,-0.010893097965676057,medium,Other
M47754,0.41628587507936904,0.5595072548328179,-0.1432213797534489,short,Other
M47761,2.0499713519230833,1.588595553137542,0.46137579878554136,medium,Other
M47763,0.5582784403174865,0.5522784622766664,0.0059999780408200865,medium,Other
M47764,11.10965070927447,10.06153894709007,1.0481117621844014,short,Other
M47775,7.3200460327310966,6.651760949458674,0.6682850832724228,medium,Other
M47780,3.284036196529103,2.8712410626293825,0.41279513389972067,short,Other
M47781,11.36382617302134,9.176807549863137,2.1870186231582043,long_history,Other
M47782,11.52920922658965,9.690022608864805,1.8391866177248453,long_history,Other
M47783,1.9423724531714401,1.97874853314541,-0.036376079973969855,long_history,Other
M47786,11.386609227976109,13.276966858323425,-1.8903576303473155,short,Other
M47790,0.7253014082977034,0.7961915321704707,-0.07089012387276727,long_history,Other
M47791,0.6085536305410177,0.6246708888140994,-0.016117258273081636,medium,Other
M47792,3.4908325987351163,3.340394929855999,0.15043766887911714,long_history,Other
M47793,43.269556756941114,42.08159419691898,1.187962560022136,cold_start,Other
M47796,17.474929803090575,17.194720620945546,0.280209182145029,cold_start,Other
M47798,21.18874888375472,20.70134478736928,0.4874040963854398,cold_start,Other
M47799,33.62311843074513,31.920221806598686,1.7028966241464438,cold_start,Other
M47800,27.172793385980565,23.695075993483577,3.477717392496988,cold_start,Other
M47802,24.94679012986289,23.22921364827456,1.7175764815883312,cold_start,Other
M47806,20.97710040039495,19.428067053964632,1.549033346430317,cold_start,Other
M47807,14.917215178556631,13.840275963821147,1.076939214735484,cold_start,Other
M47811,19.55276117477197,19.38999953026773,0.1627616445042399,cold_start,Other
M47813,30.54649119888499,26.540925090505425,4.005566108379565,cold_start,Other
M47818,22.118191411348043,20.3829886831543,1.7352027281937445,short,Other
M47821,37.94133647223759,37.032733645572186,0.9086028266654012,cold_start,Other
M47822,25.83875417989499,22.151183690246107,3.687570489648884,cold_start,Other
M47825,20.37008531749024,19.22319189352997,1.1468934239602682,cold_start,Other
M47826,16.359076545300113,15.804724763989286,0.5543517813108263,cold_start,Other
M47827,38.312331408169825,36.92709852914572,1.3852328790241089,short,Other
M47830,27.314194279144942,23.802299387829024,3.5118948913159187,cold_start,Other
M47841,26.12248254078236,24.517915146189946,1.604567394592415,short,Other
M47845,53.59417205630712,52.04129735651725,1.552874699789875,cold_start,Other
M47849,20.8538367298647,22.392722302659703,-1.538885572795003,cold_start,Other
M47851,13.462890391731774,13.205328791472429,0.25756160025934527,cold_start,Other
M47855,52.58079177854429,51.49584438803916,1.0849473905051283,cold_start,Other
M47865,2.1381167948860886,2.1293951762956747,0.008721618590413982,medium,Other
M47871,4.993263874101692,4.58770003606797,0.4055638380337223,medium,Other
M47881,4.678552143068723,3.9023842508619686,0.7761678922067543,medium,Other
M47882,2.3079937412444056,2.0922116491278273,0.21578209211657828,long_history,Other
M47883,1.085024139418752,1.09700206768453,-0.011977928265777926,long_history,Other
M47885,1.938206880151715,1.5494118974635722,0.3887949826881427,medium,Other
M47887,1.2600033384457747,1.2852943679334463,-0.02529102948767159,medium,Other
M47890,1.2479177298527722,1.3966601599325719,-0.1487424300797997,medium,Other
M47899,15.566474485771684,13.975940517117005,1.5905339686546789,long_history,Other
M47901,55.23186306231773,49.91623621021656,5.315626852101168,long_history,Other
M47902,47.175361132517565,42.726020861807115,4.449340270710451,long_history,Other
M47903,29.67627982304377,25.93503755327634,3.7412422697674295,long_history,Other
M47904,1.044552883594121,0.9512185557226549,0.093334327871466,cold_start,Other
M47914,10.924179999646809,9.707307083847267,1.2168729157995415,long_history,Other
M47919,1.4011947095976822,1.2846150763937665,0.11657963320391573,medium,Other
M47923,3.884666596016089,3.7942898021168388,0.09037679389925035,short,Other
M47928,0.44941854654189006,0.5098852062571806,-0.06046665971529053,short,Other
M47929,1.5862031707864988,1.417276192054467,0.16892697873203177,medium,Other
M47940,4.23959283859089,3.724268924967851,0.515323913623039,medium,Other
M47942,2.5678299798576836,2.5258407736871638,0.04198920617051982,medium,Other
M47948,7.744316079783435,6.863926658889631,0.8803894208938043,medium,Other
M47950,10.099433789375972,9.39740704379097,0.7020267455850018,medium,Other
M47953,0.4544605072351948,0.44983050564968,0.004630001585514798,long_history,Other
M47954,0.7770214148468602,0.8015959047537833,-0.024574489906923125,long_history,Other
M47955,16.091394964250455,15.57745823775625,0.5139367264942045,long_history,Other
M47956,52.71731224950895,47.69575745803592,5.021554791473029,long_history,Other
M47958,45.342375052185446,41.24115513391817,4.101219918267276,long_history,Other
M47959,29.458499871763266,26.748022984375446,2.71047688738782,long_history,Other
M47970,2.008798995847065,1.8080382206532404,0.20076077519382451,medium,Other
M47974,2.317982280164918,2.142246111755049,0.17573616840986928,medium,Other
M47981,36.94432673584206,33.31064831922818,3.6336784166138827,short,Other
M47984,30.90139025867454,27.67179953580852,3.2295907228660177,short,Other
M47990,10.930410291064293,13.905218878983893,-2.9748085879196005,short,Other
M47992,29.192984532949072,27.150358610808734,2.0426259221403384,short,Other
M48000,1.5990016426559794,1.5395250455732277,0.05947659708275177,short,Other
M4862,27.241039832843178,30.294425810171322,-3.053385977328144,medium,Macro
M4866,64.29903522954751,61.0928829082377,3.2061523213098155,short,Macro
M4880,25.75836610401368,26.14051989596844,-0.3821537919547566,medium,Macro
M543,1.0970641598046413,1.2509513123701541,-0.15388715256551277,medium,Macro
M5787,10.246856317972181,10.167399432495927,0.07945688547625451,medium,Macro
M6038,6.896905555339729,6.860495900366264,0.03640965497346471,medium,Macro
M6084,4.60667299549447,4.4444139450969855,0.16225905039748412,medium,Macro
M6480,0.8639401265593175,1.5701209663429212,-0.7061808397836037,medium,Macro
M6629,6.955297736289926,6.551163923296172,0.40413381299375395,medium,Macro
M6735,1.0223735934885212,1.2846810409180596,-0.2623074474295384,medium,Macro
M7046,2.009763348755324,2.0517966588657996,-0.04203331011047551,short,Macro
M7051,3.987861822793337,5.564767798816105,-1.5769059760227675,short,Macro
M7233,10.901661199592972,11.890474757902123,-0.9888135583091504,cold_start,Macro
M7236,8.167573600378496,8.536777885736495,-0.36920428535799843,cold_start,Macro
M7436,8.644726080453509,13.016525326107937,-4.371799245654428,cold_start,Macro
M7620,3.564717614678467,4.086004780588785,-0.5212871659103175,short,Macro
M7645,9.411607938599515,7.9624355938518026,1.449172344747712,short,Macro
M767,1.6048792899730588,1.3825287458513333,0.2223505441217255,long_history,Macro
M7685,2.139036419244732,3.4350014806950337,-1.2959650614503015,short,Macro
M7688,1.7524051541788612,2.5703234460690076,-0.8179182918901464,short,Macro
M7691,5.205089280146921,6.143897722761259,-0.9388084426143379,short,Macro
M7696,4.738248086841191,5.8427003094989765,-1.1044522226577858,short,Macro
M7703,1.9554913021639198,2.373942100205845,-0.4184507980419252,short,Macro
M7741,2.8791207139693893,5.481292976900706,-2.6021722629313166,short,Macro
M7908,11.84748752880696,10.926196229889335,0.921291298917625,cold_start,Macro
M8259,13.11694493772832,12.928841712132172,0.1881032255961479,cold_start,Macro
M8360,10.073083815937336,10.080042620537402,-0.0069588046000657044,cold_start,Macro
M8432,5.504081388943904,5.465223151320833,0.038858237623070835,short,Macro
M8991,8.696657905458585,8.205464179867377,0.49119372559120755,cold_start,Macro
M9204,6.893897232195828,7.937120293660574,-1.0432230614647464,cold_start,Macro
M9208,6.239523999736941,6.308136884369843,-0.06861288463290194,cold_start,Macro
M9399,5.526607919457919,7.139610758745429,-1.6130028392875104,cold_start,Macro
M9520,4.091093264203219,4.004965820182444,0.0861274440207751,cold_start,Macro
M9525,3.3258823374275583,3.0253781804959763,0.30050415693158206,cold_start,Macro
M9648,6.455149450848313,7.404315172344678,-0.9491657214963647,cold_start,Macro
M9930,7.730123653427924,13.273772610302892,-5.543648956874968,cold_start,Macro
M9987,9.573249763943156,8.34228998158162,1.230959782361536,cold_start,Macro
M9998,10.756217805551461,15.438902368829732,-4.68268456327827,cold_start,Macro
